Lucas Silva;fernanda.lima@corporate.com.br
João Ferreira;fernanda.gomes@corporate.com.br
Ana Souza;maria.ferreira@example.com
Lucas Gomes;luiz.ferreira@techmail.com
Mariana Silva;luiz.oliveira@example.com
Luiz Costa;fernanda.gomes@empresa.com.br
Carlos Junior;maria.lima@email.com
Ana Junior;pedro.santos@corporate.com.br
João Costa;ana.junior@email.com
Fernanda Lima;paula.pereira@example.com
João Souza;lucas.oliveira@corporate.com.br
João Costa;luiz.costa@example.com
Mariana Costa;fernanda.costa@email.com
João Ferreira;mariana.santos@empresa.com.br
Fernanda Junior;luiz.souza@techmail.com
Carlos Santos;carlos.lima@corporate.com.br
João Gomes;luiz.santos@corporate.com.br
Mariana Oliveira;maria.silva@example.com
Fernanda Ferreira;lucas.lima@example.com
Pedro Silva;lucas.lima@techmail.com
Mariana Souza;ana.costa@empresa.com.br
Maria Gomes;luiz.costa@email.com
Maria Lima;luiz.gomes@empresa.com.br
Luiz Silva;maria.ferreira@corporate.com.br
Pedro Santos;lucas.santos@example.com
João Pereira;maria.pereira@empresa.com.br
Ana Junior;mariana.costa@corporate.com.br
Mariana Lima;maria.santos@corporate.com.br
Fernanda Gomes;mariana.silva@techmail.com
Paula Silva;carlos.souza@example.com
Mariana Junior;mariana.ferreira@techmail.com
Mariana Pereira;luiz.lima@techmail.com
Luiz Lima;lucas.oliveira@corporate.com.br
João Costa;fernanda.santos@example.com
Luiz Pereira;ana.costa@example.com
Fernanda Santos;mariana.souza@corporate.com.br
Fernanda Junior;joão.oliveira@empresa.com.br
Luiz Silva;paula.ferreira@corporate.com.br
Lucas Gomes;mariana.lima@example.com
Mariana Oliveira;carlos.junior@example.com
Mariana Pereira;carlos.pereira@corporate.com.br
Mariana Lima;mariana.pereira@techmail.com
Lucas Ferreira;joão.oliveira@techmail.com
Carlos Santos;ana.ferreira@example.com
Lucas Ferreira;ana.gomes@techmail.com
Pedro Santos;carlos.junior@example.com
Carlos Costa;carlos.souza@email.com
Lucas Silva;mariana.lima@example.com
Pedro Souza;ana.gomes@corporate.com.br
Maria Junior;luiz.pereira@email.com
Ana Silva;paula.gomes@example.com
Maria Santos;fernanda.lima@example.com
Pedro Souza;luiz.souza@corporate.com.br
Mariana Ferreira;luiz.oliveira@email.com
Mariana Ferreira;mariana.santos@example.com
João Gomes;joão.lima@corporate.com.br
João Costa;paula.ferreira@email.com
Maria Pereira;joão.santos@techmail.com
Lucas Oliveira;paula.pereira@example.com
Maria Junior;pedro.costa@example.com
Lucas Oliveira;ana.santos@email.com
Pedro Santos;ana.santos@corporate.com.br
Paula Ferreira;carlos.pereira@example.com
Lucas Pereira;paula.costa@corporate.com.br
Mariana Santos;maria.pereira@techmail.com
Paula Silva;lucas.costa@corporate.com.br
Maria Costa;fernanda.lima@email.com
Maria Pereira;maria.oliveira@example.com
Maria Ferreira;carlos.ferreira@techmail.com
Lucas Oliveira;carlos.silva@empresa.com.br
Carlos Junior;ana.silva@corporate.com.br
Mariana Costa;pedro.oliveira@techmail.com
Fernanda Santos;luiz.costa@email.com
Lucas Gomes;joão.lima@techmail.com
Paula Costa;mariana.costa@techmail.com
Lucas Junior;joão.pereira@empresa.com.br
Pedro Costa;carlos.junior@email.com
Ana Ferreira;luiz.gomes@empresa.com.br
Ana Oliveira;fernanda.santos@empresa.com.br
Luiz Silva;luiz.santos@email.com
Fernanda Oliveira;fernanda.oliveira@example.com
Maria Costa;lucas.silva@example.com
João Pereira;joão.junior@empresa.com.br
João Gomes;paula.gomes@techmail.com
Pedro Junior;joão.silva@empresa.com.br
Pedro Souza;luiz.gomes@email.com
João Oliveira;paula.costa@example.com
Fernanda Souza;fernanda.ferreira@email.com
Paula Pereira;mariana.costa@empresa.com.br
Fernanda Lima;mariana.junior@example.com
Ana Lima;lucas.junior@example.com
Paula Lima;lucas.pereira@techmail.com
Mariana Pereira;fernanda.junior@email.com
Maria Silva;joão.gomes@email.com
Luiz Pereira;pedro.costa@empresa.com.br
Luiz Costa;paula.junior@techmail.com
Paula Silva;paula.souza@empresa.com.br
Ana Souza;ana.costa@corporate.com.br
Fernanda Santos;ana.junior@techmail.com
Carlos Oliveira;carlos.oliveira@techmail.com
Lucas Santos;pedro.gomes@corporate.com.br
Lucas Costa;carlos.junior@techmail.com
Mariana Santos;ana.oliveira@empresa.com.br
Ana Oliveira;fernanda.oliveira@email.com
Fernanda Oliveira;maria.santos@example.com
Maria Pereira;lucas.ferreira@empresa.com.br
Carlos Souza;mariana.oliveira@email.com
Mariana Gomes;luiz.costa@techmail.com
Lucas Junior;paula.costa@empresa.com.br
Lucas Lima;carlos.ferreira@corporate.com.br
Ana Oliveira;paula.silva@techmail.com
Maria Costa;ana.oliveira@techmail.com
Ana Souza;fernanda.ferreira@techmail.com
Maria Gomes;fernanda.junior@corporate.com.br
Luiz Ferreira;pedro.lima@empresa.com.br
Ana Lima;luiz.lima@example.com
Fernanda Lima;paula.lima@email.com
Luiz Costa;ana.costa@empresa.com.br
João Silva;carlos.lima@techmail.com
Maria Santos;luiz.costa@example.com
Paula Silva;ana.oliveira@corporate.com.br
Lucas Pereira;luiz.costa@techmail.com
Carlos Santos;carlos.gomes@techmail.com
Ana Lima;luiz.souza@example.com
Lucas Lima;luiz.santos@corporate.com.br
Lucas Santos;ana.oliveira@techmail.com
Luiz Junior;fernanda.pereira@corporate.com.br
Pedro Souza;pedro.junior@techmail.com
Luiz Santos;luiz.souza@techmail.com
Mariana Junior;fernanda.lima@empresa.com.br
João Ferreira;carlos.ferreira@techmail.com
Lucas Pereira;carlos.gomes@techmail.com
Lucas Lima;maria.oliveira@example.com
João Silva;ana.gomes@example.com
Lucas Santos;fernanda.ferreira@email.com
João Gomes;luiz.oliveira@empresa.com.br
João Gomes;lucas.santos@techmail.com
Fernanda Silva;pedro.gomes@empresa.com.br
Pedro Ferreira;pedro.lima@empresa.com.br
Luiz Costa;maria.gomes@techmail.com
Paula Souza;luiz.gomes@corporate.com.br
Fernanda Souza;mariana.costa@example.com
Ana Lima;luiz.silva@corporate.com.br
Fernanda Silva;luiz.souza@email.com
Ana Pereira;fernanda.junior@email.com
Paula Gomes;mariana.oliveira@empresa.com.br
Carlos Junior;ana.souza@email.com
Ana Gomes;carlos.junior@corporate.com.br
Luiz Ferreira;ana.oliveira@email.com
Ana Junior;carlos.souza@corporate.com.br
João Ferreira;fernanda.ferreira@techmail.com
Luiz Lima;carlos.silva@corporate.com.br
Carlos Lima;fernanda.santos@corporate.com.br
Paula Junior;maria.pereira@empresa.com.br
Lucas Junior;carlos.junior@corporate.com.br
Carlos Costa;pedro.gomes@email.com
Carlos Junior;joão.santos@example.com
Paula Silva;mariana.silva@example.com
Carlos Costa;pedro.pereira@techmail.com
João Ferreira;maria.ferreira@empresa.com.br
Mariana Souza;pedro.oliveira@techmail.com
Maria Ferreira;pedro.lima@email.com
Fernanda Gomes;carlos.pereira@email.com
Paula Ferreira;mariana.ferreira@empresa.com.br
Fernanda Pereira;luiz.lima@empresa.com.br
João Silva;lucas.costa@empresa.com.br
Luiz Junior;fernanda.oliveira@techmail.com
Fernanda Gomes;ana.lima@example.com
Pedro Oliveira;paula.souza@empresa.com.br
Fernanda Ferreira;joão.costa@email.com
Pedro Santos;carlos.ferreira@example.com
Maria Lima;carlos.junior@corporate.com.br
Paula Costa;paula.gomes@techmail.com
Mariana Lima;ana.silva@empresa.com.br
João Gomes;lucas.lima@email.com
Fernanda Pereira;joão.junior@example.com
Maria Costa;paula.pereira@email.com
Paula Silva;luiz.ferreira@empresa.com.br
Luiz Oliveira;fernanda.oliveira@corporate.com.br
Mariana Junior;joão.silva@corporate.com.br
Maria Silva;lucas.junior@corporate.com.br
Fernanda Souza;lucas.santos@example.com
Carlos Junior;joão.ferreira@example.com
Carlos Oliveira;maria.ferreira@example.com
Mariana Junior;maria.oliveira@example.com
Ana Ferreira;carlos.pereira@email.com
Pedro Ferreira;ana.pereira@empresa.com.br
Fernanda Santos;joão.souza@corporate.com.br
João Oliveira;paula.costa@email.com
Fernanda Costa;luiz.lima@corporate.com.br
Luiz Ferreira;mariana.pereira@corporate.com.br
Luiz Souza;luiz.oliveira@empresa.com.br
Ana Costa;carlos.oliveira@empresa.com.br
Luiz Junior;joão.oliveira@example.com
Mariana Gomes;ana.pereira@email.com
João Junior;mariana.junior@empresa.com.br
Pedro Oliveira;mariana.gomes@email.com
Paula Ferreira;fernanda.souza@techmail.com
Paula Pereira;joão.pereira@email.com
Maria Junior;lucas.silva@empresa.com.br